name,lastname
Maliyah,Cuevas
Brecken,Spears
Isabela,Cortes
Banks,Proctor
Chandler,Beltran
Ricky,Person
Dylan,Cline
Cullen,Garrett
Tessa,Welch
Hendrix,Robbins
Stevie,Galindo
Salvatore,Boone
Mariam,Fitzgerald
Peyton,Hensley
Malaya,Poole
Quincy,Blair
Frances,Newman
Anderson,Simmons
Reagan,Jaramillo
Riggs,Esquivel
Jaylee,Browning
Rohan,Cruz
Claire,Howell
Bradley,Rhodes
Tatum,Thomas
Logan,Holloway
Mae,Lane
Matias,Goodman
Carolina,Vaughn
Remy,White
Layla,Hill
Isaac,Cameron
Julie,Barker
Kade,McKinney
Gwendolyn,Doyle
Kashton,Coleman
Julia,Zamora
Quentin,Maynard
Carolyn,Preston
Vincenzo,Bonilla
Romina,Morse
Bode,Leon
Amora,Newton
Santino,Monroe
Carly,Hammond
Francis,Blair
Frances,Becker
Lawson,Stanton
Jaycee,Pierce
Zane,Sullivan
Lyla,Chen
Brooks,Hartman
Lola,Weber
Brycen,Reyes
Alondra,Morrison
Keegan,Patterson
Isla,McDonald
Ezekiel,Blackburn
Kayleigh,Reed
Giancarlo,Garza
Nola,Roberson
Thatcher,Gonzalez
Arielle,Stephens
Griffin,Castillo
Ella,Booth
Landon,Reynolds
Penelope,Spencer
Maximus,Bradford
Madeline,Griffin
Luciano,Combs
Nina,Lyons
Quincy,Ramsey
Adeline,Hendricks
Rocco,Fields
Serena,McCarthy
Phoenix,Dodson
Juliana,Peters
Paxton,Morrison
Violet,Walters
Knox,Stanley
Elaina,Archer
Orion,Bates
Mila,Harper
Jaylen,McGuire
Brielle,Holland
Lucas,McCormick
Eva,Pearson
Kyler,Pratt
Catalina,Johnston
Wilder,Burke
Aria,Wilkerson
Milo,Mendez
Scarlett,Gates
Bryson,Bradley
Layla,Barton
Colton,McKenzie
Lydia,Robbins
Malachi,Barrett
Harmony,Riley
Roman,Moore
Zara,Butler
Caden,Black
Addison,Church
Grady,Gilbert
Lily,Gray
Braxton,Shepherd
Luna,Patterson
Brendan,Cameron
Lana,Swanson
River,Carr
Brianna,Howard
Liam,McCoy
Avery,Coleman
Grayson,Schneider
Ariana,Haynes
Lincoln,Abbott
Aria,McConnell
Mason,Sharp
Amelia,Pittman
Hudson,Reeves
Ella,Brewer
Landon,Pearson
Makayla,Howell
Carter,Barnett
Emily,Underwood
Hunter,Goodman
Natalia,Duncan
Ryker,Barber
Sophia,Mathis
Leo,McLaughlin
Evelyn,Lane
Holden,Wilcox
Madison,McDaniel
Maddox,Harrington
Avery,Schroeder
Jackson,Rivera
Sophie,Bowman
Elias,Mills
Olivia,Cameron
Owen,Stevenson
Grace,Underwood
Levi,Higgins
Emma,Barnett
Elijah,Riggs
Ava,Rivera
Isaiah,Abbott
Sophia,Stanton
Liam,Walters
Madison,Blackburn
Mason,Harrington
Ava,Haynes
Leo,McDaniel
Ella,Sharp
Brendan,Mathis
Amelia,Barber
Grayson,Pittman
Emily,McConnell
Carter,Howell
Lily,Underwood
Braxton,McLaughlin
Natalia,Brewer
River,Pearson
Brianna,Reeves
Liam,Barnett
Avery,Abbott
Hudson,Stanton
Amelia,Walters
Mason,Blackburn
Makayla,Harrington
Carter,Sharp
Emily,Mathis
Hunter,Barber
Natalia,Pittman
Ryker,McConnell
Sophia,Howell
Leo,Underwood
Olivia,McLaughlin
Owen,Brewer
Grace,Pearson
Holden,Reeves
Madison,Barnett
Maddox,Abbott
Avery,Stanton
Jackson,Walters
Sophie,Blackburn
Elias,Harrington
Evelyn,Sharp
Lincoln,Mathis
Ariana,Barber
Mason,Pittman
Amelia,McConnell
Hudson,Howell
Ella,Underwood
Landon,McLaughlin
Makayla,Brewer
Carter,Pearson
Emily,Reeves
Hunter,Barnett
Natalia,Abbott
Ryker,Stanton
Sophia,Walters
Leo,Blackburn
Olivia,Harrington
Owen,Sharp
Grace,Mathis
Holden,Barber
Madison,Pittman
Maddox,McConnell
Avery,Howell
Jackson,Underwood
Sophie,McLaughlin
Elias,Brewer
Evelyn,Pearson
Lincoln,Reeves
Ariana,Barnett
Mason,Abbott
Amelia,Stanton
Hudson,Walters
Ella,Blackburn
Landon,Harrington
Makayla,Sharp
Carter,Mathis
Emily,Barber
Hunter,Pittman
Natalia,McConnell
Ryker,Howell
Sophia,Underwood
Olivia,Brewer
Owen,Pearson
Grace,Reeves
Holden,Barnett
Madison,Abbott
Maddox,Stanton
Avery,Walters
Jackson,Blackburn
Sophie,Harrington
Elias,Sharp
Evelyn,Mathis
Lincoln,Barber
Ariana,Pittman
Mason,McConnell
Amelia,Howell
Hudson,Underwood
Ella,McLaughlin
Landon,Brewer
Makayla,Pearson
Carter,Reeves
Emily,Barnett
Hunter,Abbott
Natalia,Stanton
Ryker,Walters
Sophia,Blackburn
Leo,Harrington
Olivia,Sharp
Owen,Mathis
Grace,Barber
Holden,Pittman
Madison,McConnell
Maddox,Howell
Avery,Underwood
Jackson,McLaughlin
Sophie,Brewer
Elias,Pearson
Evelyn,Reeves
Lincoln,Barnett
Ariana,Abbott
Mason,Stanton
Hudson,Blackburn
Ella,Harrington
Landon,Sharp
Makayla,Mathis
Carter,Barber
Emily,Pittman
Hunter,McConnell
Natalia,Howell
Ryker,Underwood
Sophia,McLaughlin
Leo,Brewer
Olivia,Pearson
Owen,Reeves
Grace,Barnett
Holden,Abbott
Madison,Stanton
Maddox,Walters
Avery,Blackburn
Jackson,Harrington
Sophie,Sharp
Elias,Mathis
Evelyn,Barber
Lincoln,Pittman
Ariana,McConnell
Mason,Howell
Amelia,Underwood
Hudson,McLaughlin
Makayla,Reeves
Emily,Abbott
Hunter,Stanton
Natalia,Walters
Ryker,Blackburn
Sophia,Harrington
Leo,Sharp
Olivia,Mathis
Owen,Barber
Grace,Pittman
Holden,McConnell
Madison,Howell
Maddox,Underwood
Avery,McLaughlin
Jackson,Brewer
Sophie,Pearson
Elias,Reeves
Evelyn,Barnett
Ariana,Stanton
Mason,Walters
Amelia,Blackburn
Hudson,Harrington
Landon,Mathis
Makayla,Barber
Carter,Pittman
Hunter,Howell
Natalia,Underwood
Ryker,McLaughlin
Sophia,Brewer
Leo,Pearson
Olivia,Reeves
Owen,Barnett
Grace,Abbott
Holden,Stanton
Madison,Walters
Maddox,Blackburn
Avery,Harrington
Jackson,Sharp
Sophie,Mathis
Elias,Barber
Evelyn,Pittman
Lincoln,McConnell
Ariana,Howell
Mason,Underwood
Amelia,McLaughlin
Hudson,Brewer
Ella,Pearson
Landon,Reeves
Makayla,Barnett
Carter,Abbott
Emily,Stanton
Hunter,Walters
Natalia,Blackburn
Ryker,Harrington
Sophia,Sharp
Leo,Mathis
Olivia,Barber
Owen,Pittman
Grace,McConnell
Holden,Howell
Madison,Underwood
Maddox,McLaughlin
Avery,Brewer
Jackson,Pearson
Sophie,Reeves
Elias,Barnett
Evelyn,Abbott
Lincoln,Stanton
Ariana,Walters
Amelia,Harrington
Hudson,Sharp
Ella,Mathis
Landon,Barber
Makayla,Pittman
Carter,McConnell
Emily,Howell
Hunter,Underwood
Natalia,McLaughlin
Ryker,Brewer
Sophia,Pearson
Leo,Reeves
Olivia,Barnett
Owen,Abbott
Grace,Stanton
Holden,Walters
Avery,Sharp
Jackson,Mathis
Sophie,Barber
Elias,Pittman
Evelyn,McConnell
Lincoln,Howell
Ariana,Underwood
Mason,McLaughlin
Amelia,Brewer
Hudson,Pearson
Ella,Reeves
Landon,Barnett
Makayla,Abbott
Carter,Stanton
Emily,Walters
Hunter,Blackburn
Natalia,Harrington
Ryker,Sharp
Leo,Barber
Olivia,Pittman
Owen,McConnell
Grace,Howell
Holden,Underwood
Madison,McLaughlin
Maddox,Brewer
Avery,Pearson
Jackson,Reeves
Sophie,Barnett
Elias,Abbott
Evelyn,Stanton
Lincoln,Walters
Ariana,Blackburn
Amelia,Sharp
Hudson,Mathis
Ella,Barber
Landon,Pittman
Makayla,McConnell
Hunter,McLaughlin
Ryker,Pearson
Sophia,Reeves
Leo,Barnett
Olivia,Abbott
Owen,Stanton
Grace,Walters
Holden,Blackburn
Madison,Harrington
Maddox,Sharp
Avery,Mathis
Jackson,Barber
Sophie,Pittman
Elias,McConnell
Evelyn,Howell
Lincoln,Underwood
Ariana,McLaughlin
Mason,Brewer
Amelia,Pearson
Ella,Barnett
Landon,Abbott
Makayla,Stanton
Carter,Walters
Emily,Blackburn
Hunter,Harrington
Natalia,Sharp
Ryker,Mathis
Sophia,Barber
Leo,Pittman
Olivia,McConnell
Owen,Howell
Holden,McLaughlin
Madison,Brewer
Maddox,Pearson
Avery,Reeves
Jackson,Barnett
Sophie,Abbott
Elias,Stanton
Evelyn,Walters
Lincoln,Blackburn
Ariana,Harrington
Amelia,Mathis
Hudson,Barber
Ella,Pittman
Landon,McConnell
Carter,Underwood
Emily,McLaughlin
Hunter,Brewer
Natalia,Pearson
Ryker,Reeves
Sophia,Barnett
Leo,Abbott
Olivia,Stanton
Owen,Walters
Grace,Blackburn
Holden,Harrington
Madison,Sharp
Maddox,Mathis
Avery,Barber
Jackson,Pittman
Sophie,McConnell
Elias,Howell
Evelyn,Underwood
Lincoln,McLaughlin
Ariana,Brewer
Mason,Pearson
Amelia,Reeves
Hudson,Barnett
Ella,Abbott
Landon,Stanton
Makayla,Walters
Carter,Blackburn
Emily,Harrington
Hunter,Sharp
Natalia,Mathis
Sophia,Pittman
Leo,McConnell
Olivia,Howell
Owen,Underwood
Grace,McLaughlin
Holden,Brewer
Madison,Pearson
Maddox,Reeves
Avery,Barnett
Jackson,Abbott
Sophie,Stanton
Elias,Walters
Evelyn,Blackburn
Lincoln,Harrington
Ariana,Sharp
Mason,Mathis
Hudson,Pittman
Ella,McConnell
Landon,Howell
Makayla,Underwood
Carter,McLaughlin
Emily,Brewer
Hunter,Pearson
Natalia,Reeves
Ryker,Barnett
Sophia,Abbott
Leo,Stanton
Olivia,Walters
Owen,Blackburn
Grace,Harrington
Holden,Sharp
Madison,Mathis
Maddox,Barber
Avery,Pittman
Jackson,McConnell
Sophie,Howell
Elias,Underwood
Evelyn,McLaughlin
Lincoln,Brewer
Ariana,Pearson
Mason,Reeves
Amelia,Barnett
Hudson,Abbott
Ella,Stanton
Landon,Walters
Makayla,Blackburn
Carter,Harrington
Emily,Sharp
Hunter,Mathis
Natalia,Barber
Ryker,Pittman
Sophia,McConnell
Leo,Howell
Olivia,Underwood
Owen,McLaughlin
Grace,Brewer
Holden,Pearson
Madison,Reeves
Maddox,Barnett
Jackson,Stanton
Sophie,Walters
Elias,Blackburn
Evelyn,Harrington
Lincoln,Sharp
Ariana,Mathis
Mason,Barber
Hudson,McConnell
Ella,Howell
Landon,Underwood
Makayla,McLaughlin
Carter,Brewer
Emily,Pearson
Hunter,Reeves
Natalia,Barnett
Ryker,Abbott
Leo,Walters
Olivia,Blackburn
Owen,Harrington
Grace,Sharp
Holden,Mathis
Madison,Barber
Maddox,Pittman
Avery,McConnell
Jackson,Howell
Sophie,Underwood
Elias,McLaughlin
Evelyn,Brewer
Lincoln,Pearson
Ariana,Reeves
Mason,Barnett
Amelia,Abbott
Ella,Walters
Landon,Blackburn
