text,happiness
I love my community and feel a sense of belonging.,10
The government is doing a great job.,9
I feel so happy today.,10
Life has been tough lately.,5
I am angry with the recent policies.,2
I am upset and thinking of protesting.,1
I have never been happier.,10
I am indifferent to the current state of affairs.,5
I feel a sense of hopelessness.,1
The recent events have left me feeling joyful.,8
I am concerned about the direction of our society.,3
The government needs to be held accountable.,0
I am dissatisfied with the status quo.,2
I believe our leaders are corrupt.,0
I am thinking of joining the rebellion.,0
Life has never been better.,10
I have complete trust in our government.,9
I am feeling unhappy with the current leadership.,2
I will not stand for this injustice.,0
The government is betraying its people.,0
I am content with my life.,10
Our leaders are doing their best.,9
I am dissatisfied and angry.,1
I am considering taking drastic action.,0
I am deeply disappointed with our leaders.,1
I find joy in the simplest things.,10
I am filled with gratitude for our leaders.,9
The current state of affairs is causing me distress.,2
I cannot contain my excitement for the future.,10
The local community has been supportive.,10
The recent policy changes are unsettling.,1
I have faith in our leaders.,9
I am proud to be a part of this community.,10
I am concerned about the recent unrest.,3
I am losing faith in our government.,0
"Despite the challenges, I remain hopeful.",7
I am heartbroken about the recent events.,2
I feel alienated by the government.,1
I am optimistic about our future.,9
The current leadership is dividing us.,0
I am struggling to find happiness.,3
I am hopeful that things will get better.,8
I am starting to question our leadership.,1
I am appreciative of the government's efforts.,9
I am unsatisfied and contemplating action.,0
I am overwhelmed with joy.,10
I am frustrated with the government's decisions.,1
I find it hard to keep faith in the system.,0
I am thrilled about the progress we are making.,9
My community is a source of love and belonging for me.,10
Our government's performance has been impressive.,9
I'm experiencing such happiness today.,10
"Recently, life has presented many challenges.",5
The recent policies have provoked my anger.,2
Thinking about staging a protest due to my unhappiness.,1
My happiness has reached new heights.,10
I don't have strong feelings about the current situation.,5
A feeling of despair has taken hold of me.,1
Recent happenings have sparked joy in me.,8
I worry about our society's trajectory.,3
It's time the government answered for its actions.,0
The status quo leaves me wanting more.,2
"In my view, our leaders have lost their integrity.",0
Thoughts of joining the rebellion cross my mind.,0
I've never felt more fulfilled in my life.,10
My faith in our government is unshakeable.,9
I'm unhappy with the way our leaders are acting.,2
I refuse to accept this unfairness.,0
It feels like our government has turned its back on us.,0
I'm satisfied with my life.,10
I believe our leaders are doing all they can.,9
Feelings of dissatisfaction and anger are brewing in me.,1
I'm thinking about making some radical changes.,0
Our leaders have let me down greatly.,1
I take pleasure in life's simplest moments.,10
I'm overflowing with thanks for our leaders.,9
I'm distressed by the current state of affairs.,2
The future holds so much excitement for me.,10
The community has been a pillar of support.,10
I'm troubled by the recent changes in policy.,1
I have unwavering faith in our leaders.,9
I take pride in being a member of this community.,10
The recent disturbances worry me.,3
My confidence in our government is waning.,0
"Despite the hurdles, hopefulness persists.",7
The recent events have left me heartbroken.,2
I feel estranged by the actions of the government.,1
I'm hopeful about what the future holds.,9
Our leaders seem to be causing a divide among us.,0
Finding happiness has been a struggle.,3
I'm hopeful for better days ahead.,8
Doubts about our leadership are starting to surface.,1
I appreciate the effort the government is making.,9
I'm displeased and thinking about taking steps.,0
Joy completely engulfs me.,10
I'm upset with the decisions of the government.,1
Keeping faith in the system is becoming challenging.,0
I'm excited about the progress we're achieving.,9
