Maliyah,Cuevas,
Brecken,Spears,
Isabela,Cortes,
Banks,Proctor,
Chandler,Beltran,
Ricky,Person,
Dylan,Cline,
Cullen,Garrett,
Tessa,Welch,
Hendrix,Robbins,
Stevie,Galindo,
Salvatore,Boone,
Mariam,Fitzgerald,
Peyton,Hensley,
Malaya,Poole,
Quincy,Blair,
Frances,Newman,
Anderson,Simmons,
Reagan,Jaramillo,
Riggs,Esquivel,
Jaylee,Browning,
Rohan,Cruz,
Claire,Howell,
Bradley,Rhodes,
Tatum,Thomas,
Logan,Holloway,
Mae,Lane,
Matias,Goodman,
Carolina,Vaughn,
Remy,White,
Layla,Hill,
Isaac,Cameron,
Julie,Barker,
Kade,McKinney,
Gwendolyn,Doyle,
Kashton,Coleman,
Julia,Zamora,
Quentin,Maynard,
Carolyn,Preston,
Vincenzo,Bonilla,
Romina,Morse,
Bode,Leon,
Amora,Newton,
Santino,Monroe,
Carly,Hammond,
Francis,Blair,
Frances,Becker,
Lawson,Stanton,
Jaycee,Pierce,